{
  "sections": {
    "cart-items": {
      "type": "main-cart-items",
      "settings": {
      }
    },
    "cart-footer": {
      "type": "main-cart-footer",
      "blocks": {
        "subtotal": {
          "type": "subtotal",
          "settings": {
          }
        },
        "buttons": {
          "type": "buttons",
          "settings": {
          }
        }
      },
      "block_order": [
        "subtotal",
        "buttons"
      ],
      "settings": {
      }
    },
    "featured-products": {
      "type": "featured-collection",
      "settings": {
        "collection": "all",
        "image_ratio": "square"
      }
    }
  },
  "order": [
    "cart-items",
    "cart-footer",
    "featured-products"
  ]
}