{
  "sections": {
    "form": {
      "type": "contact-form",
      "settings": {
        "contact_bg_banner": "shopify://shop_images/main-banner.png",
        "main_heading_title": "Contact",
        "main_heading": "We are here to help, please contact us",
        "main_desc": "For Commercial and residential inquiries please call or write us a message. We will contact you shortly.",
        "heading": "Speak with a rich port representative",
        "mail_img": "shopify://shop_images/mail.png",
        "mail_txt": "info@richport.com",
        "mail_url": "mailto:info@richport.com",
        "phone_img": "shopify://shop_images/phone-call.png",
        "phone_txt": "09876785432",
        "phone_url": "tel:09876785432",
        "map_img": "shopify://shop_images/pin.png",
        "map_txt": "7631 Colonial Ave.\nMarion, NC 28752",
        "map_url": "https://goo.gl/maps/5Mc1Eg1CvhMZ7isCA"
      }
    }
  },
  "order": [
    "form"
  ]
}