{
  "layout": "password",
  "sections": {
    "main": {
      "type": "email-signup-banner",
      "blocks": {
        "heading": {
          "type": "heading",
          "settings": {
            "heading": "Opening soon"
          }
        },
        "paragraph": {
          "type": "paragraph",
          "settings": {
            "text": "<p>Be the first to know when we launch.</p>"
          }
        },
        "email_form": {
          "type": "email_form",
          "settings": {
          }
        }
      },
      "block_order": [
        "heading",
        "paragraph",
        "email_form"
      ],
      "settings": {
      }
    }
  },
  "order": [
    "main"
  ]
}