{"current":{"colors_solid_button_labels":"#FFFFFF","colors_accent_1":"#262626","colors_accent_2":"#334FB4","colors_text":"#262626","colors_outline_button_labels":"#262626","colors_background_1":"#FFFFFF","colors_background_2":"#F3F3F3","type_header_font":"poppins_n4","type_body_font":"poppins_n4","social_twitter_link":"https:\/\/twitter.com\/shopify","social_facebook_link":"https:\/\/facebook.com\/shopify","social_instagram_link":"http:\/\/instagram.com\/shopify","favicon":"shopify:\/\/shop_images\/favicon.png","sections":{"announcement-bar":{"type":"announcement-bar","settings":{}},"header":{"type":"header","settings":{"color_scheme":"background-2","logo":"shopify:\/\/shop_images\/logo.png","logo_width":100,"logo_position":"middle-left","menu":"main-menu","show_line_separator":false,"enable_sticky_header":true,"mail_menu":"support@richport.com"}},"footer":{"type":"footer","blocks":{"footer-0":{"type":"link_list","settings":{"heading":"","menu":"footer"}},"f38ba551-d2f5-450f-9875-82a7f50521f9":{"type":"text","settings":{"heading":"","subtext":"<p><a href=\"info@richport.com\">info@richport.com<\/a><\/p>"}}},"block_order":["footer-0","f38ba551-d2f5-450f-9875-82a7f50521f9"],"settings":{"color_scheme":"inverse","newsletter_enable":false,"newsletter_heading":"","show_social":true,"enable_country_selector":true,"enable_language_selector":true,"payment_enable":true}},"footer-new":{"type":"footer-new","blocks":{"footer-new-0":{"type":"link_list","settings":{"heading":"","menu":"main-menu"}},"footer-new-1":{"type":"text","settings":{"heading":"","subtext":"<p><a href=\"mailto:info@richport.com\" target=\"_blank\">info@richport.com<\/a><\/p>"}}},"block_order":["footer-new-0","footer-new-1"],"settings":{"color_scheme":"background-1","newsletter_enable":false,"newsletter_heading":"","show_social":true,"enable_country_selector":false,"enable_language_selector":false,"payment_enable":false}}},"content_for_index":[]},"presets":{"Default":{"colors_solid_button_labels":"#FFFFFF","colors_accent_1":"#121212","colors_accent_2":"#334FB4","colors_text":"#121212","colors_outline_button_labels":"#121212","colors_background_1":"#FFFFFF","colors_background_2":"#F3F3F3","type_header_font":"assistant_n4","type_body_font":"assistant_n4","sections":{"announcement-bar":{"type":"announcement-bar","blocks":{"announcement-bar-0":{"type":"announcement","settings":{"color_scheme":"background-1"}}},"block_order":["announcement-bar-0"],"settings":{}}}},"Craft":{"colors_solid_button_labels":"#EFECEC","colors_accent_1":"#2A332F","colors_accent_2":"#476154","colors_text":"#1C1A1A","colors_outline_button_labels":"#7B8382","colors_background_1":"#EFECEC","colors_background_2":"#C1BCAE","type_header_font":"americana_n4","type_body_font":"quattrocento_sans_n4","sections":{"footer":{"type":"footer","blocks":{"menu":{"type":"link_list","settings":{}},"text":{"type":"text","settings":{}}},"block_order":["menu","text"],"settings":{"color_scheme":"accent-1"}}}}}}